Open,High,Low,Close,Volume,Dividends,Stock Splits
869.2999877929688,895.4600219726562,862.5700073242188,878.3699951171875,64019300,0.0,0.0
